{
    "plddts": {
        "model_1": 79.02810389836975,
        "model_2": 77.80400905835211,
        "model_3": 77.52541825111835,
        "model_4": 76.99287746166941,
        "model_5": 77.23943200390252
    },
    "order": [
        "model_1",
        "model_2",
        "model_3",
        "model_5",
        "model_4"
    ]
}